timestamp|features|predicted_label|confidence
2024-09-09 06:17:53.839303|frame_length:617.306821|iat:0.003217|mqtt_client_id_hash:0|mqtt_msgtype:0|mqtt_payload_len:38838.025741|mqtt_qos:2|mqtt_retain:0|msg_rate_10s:-0.007138|msg_rate_1s:-0.007727|msg_rate_60s:-0.038630|protocol_flags:0.000000|rolling_mean_payload_10s:0.015080|rolling_mean_payload_1s:0.015539|rolling_mean_payload_60s:0.044510|rolling_std_payload_10s:0.018166|rolling_std_payload_1s:0.001323|rolling_std_payload_60s:0.080556|4|0.390000
2024-09-09 06:18:04.324335|frame_length:609.302861|iat:2.435465|mqtt_client_id_hash:0|mqtt_msgtype:0|mqtt_payload_len:38839.064968|mqtt_qos:2|mqtt_retain:0|msg_rate_10s:-0.007138|msg_rate_1s:-0.007727|msg_rate_60s:-0.022009|protocol_flags:0.000000|rolling_mean_payload_10s:0.015080|rolling_mean_payload_1s:0.015539|rolling_mean_payload_60s:41026.494103|rolling_std_payload_10s:0.018166|rolling_std_payload_1s:0.001323|rolling_std_payload_60s:0.080556|4|0.270556
2024-09-09 06:18:14.806341|frame_length:614.305336|iat:2.435465|mqtt_client_id_hash:0|mqtt_msgtype:0|mqtt_payload_len:38840.104196|mqtt_qos:2|mqtt_retain:0|msg_rate_10s:-0.007138|msg_rate_1s:-0.007727|msg_rate_60s:-0.005387|protocol_flags:0.000000|rolling_mean_payload_10s:0.015080|rolling_mean_payload_1s:0.015539|rolling_mean_payload_60s:41027.042996|rolling_std_payload_10s:0.018166|rolling_std_payload_1s:0.001323|rolling_std_payload_60s:0.607552|4|0.246111
2024-09-09 06:18:25.294880|frame_length:615.305831|iat:2.435465|mqtt_client_id_hash:0|mqtt_msgtype:0|mqtt_payload_len:38841.143424|mqtt_qos:2|mqtt_retain:0|msg_rate_10s:-0.007138|msg_rate_1s:-0.007727|msg_rate_60s:0.011234|protocol_flags:0.000000|rolling_mean_payload_10s:0.015080|rolling_mean_payload_1s:0.015539|rolling_mean_payload_60s:41027.591888|rolling_std_payload_10s:0.018166|rolling_std_payload_1s:0.001323|rolling_std_payload_60s:0.941137|2|0.236614
2024-09-09 06:18:35.780612|frame_length:615.305831|iat:2.435465|mqtt_client_id_hash:0|mqtt_msgtype:0|mqtt_payload_len:38842.182651|mqtt_qos:2|mqtt_retain:0|msg_rate_10s:-0.007138|msg_rate_1s:-0.007727|msg_rate_60s:0.027855|protocol_flags:0.000000|rolling_mean_payload_10s:0.015080|rolling_mean_payload_1s:0.015539|rolling_mean_payload_60s:41028.140781|rolling_std_payload_10s:0.018166|rolling_std_payload_1s:0.001323|rolling_std_payload_60s:1.258955|2|0.253280
2024-09-09 06:18:46.269188|frame_length:614.305336|iat:2.435465|mqtt_client_id_hash:0|mqtt_msgtype:0|mqtt_payload_len:38843.221879|mqtt_qos:2|mqtt_retain:0|msg_rate_10s:-0.007138|msg_rate_1s:-0.007727|msg_rate_60s:0.044477|protocol_flags:0.000000|rolling_mean_payload_10s:0.015080|rolling_mean_payload_1s:0.015539|rolling_mean_payload_60s:41028.689674|rolling_std_payload_10s:0.018166|rolling_std_payload_1s:0.001323|rolling_std_payload_60s:1.571126|2|0.266614
2024-09-09 06:18:56.753970|frame_length:614.305336|iat:2.435465|mqtt_client_id_hash:0|mqtt_msgtype:0|mqtt_payload_len:38844.261107|mqtt_qos:2|mqtt_retain:0|msg_rate_10s:-0.007138|msg_rate_1s:-0.007727|msg_rate_60s:0.044477|protocol_flags:0.000000|rolling_mean_payload_10s:0.015080|rolling_mean_payload_1s:0.015539|rolling_mean_payload_60s:41029.787460|rolling_std_payload_10s:0.018166|rolling_std_payload_1s:0.001323|rolling_std_payload_60s:1.571126|2|0.266614
2024-09-09 06:19:04.832980|frame_length:39.020735|iat:2.435465|mqtt_client_id_hash:0|mqtt_msgtype:0|mqtt_payload_len:0.010805|mqtt_qos:0|mqtt_retain:0|msg_rate_10s:0.092628|msg_rate_1s:-0.007727|msg_rate_60s:0.044477|protocol_flags:0.000000|rolling_mean_payload_10s:39588.784399|rolling_mean_payload_1s:0.015539|rolling_mean_payload_60s:41030.885246|rolling_std_payload_10s:0.018166|rolling_std_payload_1s:0.001323|rolling_std_payload_60s:1.571126|2|0.339531
2024-09-09 06:19:04.848922|frame_length:39.020735|iat:0.019248|mqtt_client_id_hash:0|mqtt_msgtype:0|mqtt_payload_len:0.010805|mqtt_qos:0|mqtt_retain:0|msg_rate_10s:0.192394|msg_rate_1s:0.988969|msg_rate_60s:0.061098|protocol_flags:0.000000|rolling_mean_payload_10s:19794.399739|rolling_mean_payload_1s:0.015539|rolling_mean_payload_60s:34192.411790|rolling_std_payload_10s:18901.123151|rolling_std_payload_1s:0.001323|rolling_std_payload_60s:14681.367015|2|0.286792
2024-09-09 06:19:04.863391|frame_length:39.020735|iat:0.017766|mqtt_client_id_hash:0|mqtt_msgtype:0|mqtt_payload_len:0.010805|mqtt_qos:0|mqtt_retain:0|msg_rate_10s:0.292160|msg_rate_1s:1.985666|msg_rate_60s:0.077719|protocol_flags:0.000000|rolling_mean_payload_10s:13196.271520|rolling_mean_payload_1s:0.015539|rolling_mean_payload_60s:29307.787893|rolling_std_payload_10s:17820.150842|rolling_std_payload_1s:0.001323|rolling_std_payload_60s:17796.487173|2|0.283459
2024-09-09 06:19:04.878599|frame_length:39.020735|iat:0.018509|mqtt_client_id_hash:0|mqtt_msgtype:0|mqtt_payload_len:0.010805|mqtt_qos:0|mqtt_retain:0|msg_rate_10s:0.391926|msg_rate_1s:2.982362|msg_rate_60s:0.094341|protocol_flags:0.000000|rolling_mean_payload_10s:9897.207410|rolling_mean_payload_1s:0.015539|rolling_mean_payload_60s:25644.319970|rolling_std_payload_10s:16368.855243|rolling_std_payload_1s:0.001323|rolling_std_payload_60s:19071.631061|2|0.283452
2024-09-09 06:19:04.893701|frame_length:39.020735|iat:0.018403|mqtt_client_id_hash:0|mqtt_msgtype:0|mqtt_payload_len:0.010805|mqtt_qos:0|mqtt_retain:0|msg_rate_10s:0.491692|msg_rate_1s:3.979058|msg_rate_60s:0.110962|protocol_flags:0.000000|rolling_mean_payload_10s:7917.768944|rolling_mean_payload_1s:0.015539|rolling_mean_payload_60s:22794.956030|rolling_std_payload_10s:15120.902154|rolling_std_payload_1s:0.001323|rolling_std_payload_60s:19575.129115|2|0.283452
2024-09-09 06:19:04.908746|frame_length:39.020735|iat:0.018345|mqtt_client_id_hash:0|mqtt_msgtype:0|mqtt_payload_len:0.010805|mqtt_qos:0|mqtt_retain:0|msg_rate_10s:0.591458|msg_rate_1s:4.975755|msg_rate_60s:0.127583|protocol_flags:0.000000|rolling_mean_payload_10s:6598.143300|rolling_mean_payload_1s:0.015539|rolling_mean_payload_60s:20515.464878|rolling_std_payload_10s:14088.070031|rolling_std_payload_1s:0.001323|rolling_std_payload_60s:19697.093211|2|0.283452
2024-09-09 06:19:04.923732|frame_length:39.020735|iat:0.018286|mqtt_client_id_hash:0|mqtt_msgtype:0|mqtt_payload_len:0.010805|mqtt_qos:0|mqtt_retain:0|msg_rate_10s:0.691224|msg_rate_1s:5.972451|msg_rate_60s:0.144205|protocol_flags:0.000000|rolling_mean_payload_10s:5655.553554|rolling_mean_payload_1s:0.015539|rolling_mean_payload_60s:18650.426662|rolling_std_payload_10s:13228.036106|rolling_std_payload_1s:0.001323|rolling_std_payload_60s:19615.531730|2|0.283452
2024-09-09 06:19:04.939000|frame_length:39.020735|iat:0.018570|mqtt_client_id_hash:0|mqtt_msgtype:0|mqtt_payload_len:0.010805|mqtt_qos:0|mqtt_retain:0|msg_rate_10s:0.790990|msg_rate_1s:6.969148|msg_rate_60s:0.160826|protocol_flags:0.000000|rolling_mean_payload_10s:4948.611245|rolling_mean_payload_1s:0.015539|rolling_mean_payload_60s:17096.228150|rolling_std_payload_10s:12501.923990|rolling_std_payload_1s:0.001323|rolling_std_payload_60s:19421.596945|3|0.272553
2024-09-09 06:19:04.954195|frame_length:39.020735|iat:0.018496|mqtt_client_id_hash:0|mqtt_msgtype:0|mqtt_payload_len:0.010805|mqtt_qos:0|mqtt_retain:0|msg_rate_10s:0.890756|msg_rate_1s:7.965844|msg_rate_60s:0.177447|protocol_flags:0.000000|rolling_mean_payload_10s:4398.767227|rolling_mean_payload_1s:0.015539|rolling_mean_payload_60s:15781.137100|rolling_std_payload_10s:11880.106617|rolling_std_payload_1s:0.001323|rolling_std_payload_60s:19165.441502|3|0.269775
2024-09-09 06:19:04.969712|frame_length:39.020735|iat:0.018820|mqtt_client_id_hash:0|mqtt_msgtype:0|mqtt_payload_len:0.010805|mqtt_qos:0|mqtt_retain:0|msg_rate_10s:0.990522|msg_rate_1s:8.962541|msg_rate_60s:0.194068|protocol_flags:0.000000|rolling_mean_payload_10s:3958.892012|rolling_mean_payload_1s:0.015539|rolling_mean_payload_60s:14653.916201|rolling_std_payload_10s:11340.681157|rolling_std_payload_1s:0.001323|rolling_std_payload_60s:18876.020229|3|0.268109
2024-09-09 06:19:04.987435|frame_length:40.021230|iat:0.021038|mqtt_client_id_hash:0|mqtt_msgtype:0|mqtt_payload_len:0.010805|mqtt_qos:0|mqtt_retain:0|msg_rate_10s:1.090288|msg_rate_1s:9.959237|msg_rate_60s:0.210690|protocol_flags:0.000000|rolling_mean_payload_10s:3598.994109|rolling_mean_payload_1s:0.015539|rolling_mean_payload_60s:13676.991422|rolling_std_payload_10s:10867.389447|rolling_std_payload_1s:0.001323|rolling_std_payload_60s:18570.602173|3|0.273109
2024-09-09 06:19:05.015012|frame_length:40.021230|iat:0.030947|mqtt_client_id_hash:0|mqtt_msgtype:0|mqtt_payload_len:0.010805|mqtt_qos:0|mqtt_retain:0|msg_rate_10s:1.190054|msg_rate_1s:10.955933|msg_rate_60s:0.227311|protocol_flags:0.000000|rolling_mean_payload_10s:3299.079190|rolling_mean_payload_1s:0.015539|rolling_mean_payload_60s:12822.182240|rolling_std_payload_10s:10447.997059|rolling_std_payload_1s:0.001323|rolling_std_payload_60s:18259.699981|3|0.273109
2024-09-09 06:19:05.030510|frame_length:40.021230|iat:0.018801|mqtt_client_id_hash:0|mqtt_msgtype:0|mqtt_payload_len:0.010805|mqtt_qos:0|mqtt_retain:0|msg_rate_10s:1.289820|msg_rate_1s:11.952630|msg_rate_60s:0.243932|protocol_flags:0.000000|rolling_mean_payload_10s:3045.305028|rolling_mean_payload_1s:0.015539|rolling_mean_payload_60s:12067.938844|rolling_std_payload_10s:10073.148675|rolling_std_payload_1s:0.001323|rolling_std_payload_60s:17949.775133|3|0.283109
2024-09-09 06:19:05.046096|frame_length:40.021230|iat:0.018890|mqtt_client_id_hash:0|mqtt_msgtype:0|mqtt_payload_len:0.010805|mqtt_qos:0|mqtt_retain:0|msg_rate_10s:1.389586|msg_rate_1s:12.949326|msg_rate_60s:0.260554|protocol_flags:0.000000|rolling_mean_payload_10s:2827.784317|rolling_mean_payload_1s:0.015539|rolling_mean_payload_60s:11397.500270|rolling_std_payload_10s:9735.575764|rolling_std_payload_1s:0.001323|rolling_std_payload_60s:17644.790870|3|0.293664
2024-09-09 06:19:05.048689|frame_length:40.021230|iat:0.005824|mqtt_client_id_hash:0|mqtt_msgtype:0|mqtt_payload_len:0.010805|mqtt_qos:0|mqtt_retain:0|msg_rate_10s:1.489351|msg_rate_1s:13.946023|msg_rate_60s:0.277175|protocol_flags:0.000000|rolling_mean_payload_10s:2639.266368|rolling_mean_payload_1s:0.015539|rolling_mean_payload_60s:10797.634177|rolling_std_payload_10s:9429.546044|rolling_std_payload_1s:0.001323|rolling_std_payload_60s:17347.136475|3|0.288664
2024-09-09 06:19:05.075762|frame_length:40.021230|iat:0.030440|mqtt_client_id_hash:0|mqtt_msgtype:0|mqtt_payload_len:0.010805|mqtt_qos:0|mqtt_retain:0|msg_rate_10s:1.589117|msg_rate_1s:14.942719|msg_rate_60s:0.293796|protocol_flags:0.000000|rolling_mean_payload_10s:2474.313162|rolling_mean_payload_1s:0.015539|rolling_mean_payload_60s:10257.754694|rolling_std_payload_10s:9150.476270|rolling_std_payload_1s:0.001323|rolling_std_payload_60s:17058.193886|3|0.288664
2024-09-09 06:19:05.090745|frame_length:40.021230|iat:0.018283|mqtt_client_id_hash:0|mqtt_msgtype:0|mqtt_payload_len:0.010805|mqtt_qos:0|mqtt_retain:0|msg_rate_10s:1.688883|msg_rate_1s:15.939416|msg_rate_60s:0.310418|protocol_flags:0.000000|rolling_mean_payload_10s:2328.766216|rolling_mean_payload_1s:0.015539|rolling_mean_payload_60s:9769.292304|rolling_std_payload_10s:8894.655806|rolling_std_payload_1s:0.001323|rolling_std_payload_60s:16778.693596|3|0.288664
2024-09-09 06:19:05.092668|frame_length:40.021230|iat:0.005151|mqtt_client_id_hash:0|mqtt_msgtype:0|mqtt_payload_len:0.010805|mqtt_qos:0|mqtt_retain:0|msg_rate_10s:1.788649|msg_rate_1s:16.936112|msg_rate_60s:0.327039|protocol_flags:0.000000|rolling_mean_payload_10s:2199.391153|rolling_mean_payload_1s:0.015539|rolling_mean_payload_60s:9325.235586|rolling_std_payload_10s:8659.046199|rolling_std_payload_1s:0.001323|rolling_std_payload_60s:16508.942716|3|0.288664
2024-09-09 06:19:05.095210|frame_length:40.021230|iat:0.005773|mqtt_client_id_hash:0|mqtt_msgtype:0|mqtt_payload_len:0.010805|mqtt_qos:0|mqtt_retain:0|msg_rate_10s:1.888415|msg_rate_1s:17.932808|msg_rate_60s:0.343660|protocol_flags:0.000000|rolling_mean_payload_10s:2083.634518|rolling_mean_payload_1s:0.015539|rolling_mean_payload_60s:8919.792496|rolling_std_payload_10s:8441.133644|rolling_std_payload_1s:0.001323|rolling_std_payload_60s:16248.973528|3|0.291998
2024-09-09 06:19:05.120704|frame_length:40.021230|iat:0.028852|mqtt_client_id_hash:0|mqtt_msgtype:0|mqtt_payload_len:0.010805|mqtt_qos:0|mqtt_retain:0|msg_rate_10s:1.988181|msg_rate_1s:18.929505|msg_rate_60s:0.360282|protocol_flags:0.000000|rolling_mean_payload_10s:1979.453546|rolling_mean_payload_1s:0.015539|rolling_mean_payload_60s:8548.136330|rolling_std_payload_10s:8238.818821|rolling_std_payload_1s:0.001323|rolling_std_payload_60s:15998.641511|3|0.291998
2024-09-09 06:19:05.135634|frame_length:40.021230|iat:0.018230|mqtt_client_id_hash:0|mqtt_msgtype:0|mqtt_payload_len:0.010805|mqtt_qos:0|mqtt_retain:0|msg_rate_10s:2.087947|msg_rate_1s:19.926201|msg_rate_60s:0.376903|protocol_flags:0.000000|rolling_mean_payload_10s:1885.194571|rolling_mean_payload_1s:0.015539|rolling_mean_payload_60s:8206.212657|rolling_std_payload_10s:8050.333518|rolling_std_payload_1s:0.001323|rolling_std_payload_60s:15757.690672|3|0.291889
2024-09-09 06:19:05.150596|frame_length:40.021230|iat:0.018262|mqtt_client_id_hash:0|mqtt_msgtype:0|mqtt_payload_len:0.010805|mqtt_qos:0|mqtt_retain:0|msg_rate_10s:2.187713|msg_rate_1s:20.922898|msg_rate_60s:0.393524|protocol_flags:0.000000|rolling_mean_payload_10s:1799.504594|rolling_mean_payload_1s:0.015539|rolling_mean_payload_60s:7890.590805|rolling_std_payload_10s:7874.176740|rolling_std_payload_1s:0.001323|rolling_std_payload_60s:15525.797387|3|0.288556
2024-09-09 06:19:05.166606|frame_length:40.021230|iat:0.019316|mqtt_client_id_hash:0|mqtt_msgtype:0|mqtt_payload_len:0.010805|mqtt_qos:0|mqtt_retain:0|msg_rate_10s:2.287479|msg_rate_1s:21.919594|msg_rate_60s:0.410145|protocol_flags:0.000000|rolling_mean_payload_10s:1721.265920|rolling_mean_payload_1s:0.015539|rolling_mean_payload_60s:7598.348350|rolling_std_payload_10s:7709.065184|rolling_std_payload_1s:0.001323|rolling_std_payload_60s:15302.599922|3|0.288333
2024-09-09 06:19:05.181881|frame_length:40.021230|iat:0.018577|mqtt_client_id_hash:0|mqtt_msgtype:0|mqtt_payload_len:0.010805|mqtt_qos:0|mqtt_retain:0|msg_rate_10s:2.387245|msg_rate_1s:22.916291|msg_rate_60s:0.426767|protocol_flags:0.000000|rolling_mean_payload_10s:1649.547135|rolling_mean_payload_1s:0.015539|rolling_mean_payload_60s:7326.980355|rolling_std_payload_10s:7553.894426|rolling_std_payload_1s:0.001323|rolling_std_payload_60s:15087.718305|3|0.288333
2024-09-09 06:19:05.196818|frame_length:40.021230|iat:0.018237|mqtt_client_id_hash:0|mqtt_msgtype:0|mqtt_payload_len:0.010805|mqtt_qos:0|mqtt_retain:0|msg_rate_10s:2.487011|msg_rate_1s:23.912987|msg_rate_60s:0.443388|protocol_flags:0.000000|rolling_mean_payload_10s:1583.565853|rolling_mean_payload_1s:0.015539|rolling_mean_payload_60s:7074.327395|rolling_std_payload_10s:7407.708212|rolling_std_payload_1s:0.001323|rolling_std_payload_60s:14880.767646|3|0.288333
2024-09-09 06:19:05.198777|frame_length:40.021230|iat:0.005187|mqtt_client_id_hash:0|mqtt_msgtype:0|mqtt_payload_len:0.010805|mqtt_qos:0|mqtt_retain:0|msg_rate_10s:2.586777|msg_rate_1s:24.909683|msg_rate_60s:0.460009|protocol_flags:0.000000|rolling_mean_payload_10s:1522.660054|rolling_mean_payload_1s:0.015539|rolling_mean_payload_60s:6838.517966|rolling_std_payload_10s:7269.673930|rolling_std_payload_1s:0.001323|rolling_std_payload_60s:14681.366964|3|0.288333
2024-09-09 06:19:05.212636|frame_length:40.021230|iat:0.017153|mqtt_client_id_hash:0|mqtt_msgtype:0|mqtt_payload_len:0.010805|mqtt_qos:0|mqtt_retain:0|msg_rate_10s:2.686543|msg_rate_1s:25.906380|msg_rate_60s:0.476631|protocol_flags:0.000000|rolling_mean_payload_10s:1466.265796|rolling_mean_payload_1s:0.015539|rolling_mean_payload_60s:6617.922048|rolling_std_payload_10s:7139.062844|rolling_std_payload_1s:0.001323|rolling_std_payload_60s:14489.144920|3|0.289444
2024-09-09 06:19:05.227556|frame_length:40.021230|iat:0.018220|mqtt_client_id_hash:0|mqtt_msgtype:0|mqtt_payload_len:0.010805|mqtt_qos:0|mqtt_retain:0|msg_rate_10s:2.786309|msg_rate_1s:26.903076|msg_rate_60s:0.493252|protocol_flags:0.000000|rolling_mean_payload_10s:1413.899699|rolling_mean_payload_1s:0.015539|rolling_mean_payload_60s:6411.113375|rolling_std_payload_10s:7015.234056|rolling_std_payload_1s:0.001323|rolling_std_payload_60s:14303.743420|3|0.291667
2024-09-09 06:19:05.229614|frame_length:40.021230|iat:0.005287|mqtt_client_id_hash:0|mqtt_msgtype:0|mqtt_payload_len:0.010805|mqtt_qos:0|mqtt_retain:0|msg_rate_10s:2.886075|msg_rate_1s:27.899773|msg_rate_60s:0.509873|protocol_flags:0.000000|rolling_mean_payload_10s:1365.145057|rolling_mean_payload_1s:0.015539|rolling_mean_payload_60s:6216.838561|rolling_std_payload_10s:6897.621379|rolling_std_payload_1s:0.001323|rolling_std_payload_60s:14124.819742|3|0.291667
2024-09-09 06:19:05.242656|frame_length:40.021230|iat:0.016331|mqtt_client_id_hash:0|mqtt_msgtype:0|mqtt_payload_len:0.010805|mqtt_qos:0|mqtt_retain:0|msg_rate_10s:2.985841|msg_rate_1s:28.896469|msg_rate_60s:0.526495|protocol_flags:0.000000|rolling_mean_payload_10s:1319.640724|rolling_mean_payload_1s:0.015539|rolling_mean_payload_60s:6033.991677|rolling_std_payload_10s:6785.722525|rolling_std_payload_1s:0.001323|rolling_std_payload_60s:13952.047654|3|0.290000
2024-09-09 06:19:05.258655|frame_length:40.021230|iat:0.019305|mqtt_client_id_hash:0|mqtt_msgtype:0|mqtt_payload_len:0.010805|mqtt_qos:0|mqtt_retain:0|msg_rate_10s:3.085607|msg_rate_1s:29.893166|msg_rate_60s:0.543116|protocol_flags:0.000000|rolling_mean_payload_10s:1277.072155|rolling_mean_payload_1s:0.015539|rolling_mean_payload_60s:5861.593186|rolling_std_payload_10s:6679.090142|rolling_std_payload_1s:0.001323|rolling_std_payload_60s:13785.117823|3|0.290000
2024-09-09 06:19:05.273357|frame_length:40.021230|iat:0.018000|mqtt_client_id_hash:0|mqtt_msgtype:0|mqtt_payload_len:0.010805|mqtt_qos:0|mqtt_retain:0|msg_rate_10s:3.185373|msg_rate_1s:30.889862|msg_rate_60s:0.559737|protocol_flags:0.000000|rolling_mean_payload_10s:1237.164121|rolling_mean_payload_1s:0.015539|rolling_mean_payload_60s:5698.772390|rolling_std_payload_10s:6577.324338|rolling_std_payload_1s:0.001323|rolling_std_payload_60s:13623.737767|3|0.291667
2024-09-09 06:19:05.289977|frame_length:40.021230|iat:0.019929|mqtt_client_id_hash:0|mqtt_msgtype:0|mqtt_payload_len:0.010805|mqtt_qos:0|mqtt_retain:0|msg_rate_10s:3.285139|msg_rate_1s:31.886558|msg_rate_60s:0.576359|protocol_flags:0.000000|rolling_mean_payload_10s:1199.674756|rolling_mean_payload_1s:0.015539|rolling_mean_payload_60s:5544.752717|rolling_std_payload_10s:6480.066412|rolling_std_payload_1s:0.001323|rolling_std_payload_60s:13467.631487|3|0.291667
2024-09-09 06:19:05.304007|frame_length:40.021230|iat:0.017325|mqtt_client_id_hash:0|mqtt_msgtype:0|mqtt_payload_len:0.010805|mqtt_qos:0|mqtt_retain:0|msg_rate_10s:3.384905|msg_rate_1s:32.883255|msg_rate_60s:0.592980|protocol_flags:0.000000|rolling_mean_payload_10s:1164.390648|rolling_mean_payload_1s:0.015539|rolling_mean_payload_60s:5398.839343|rolling_std_payload_10s:6386.993559|rolling_std_payload_1s:0.001323|rolling_std_payload_60s:13316.538898|3|0.291667
2024-09-09 06:19:05.319310|frame_length:40.021230|iat:0.018605|mqtt_client_id_hash:0|mqtt_msgtype:0|mqtt_payload_len:0.010805|mqtt_qos:0|mqtt_retain:0|msg_rate_10s:3.484671|msg_rate_1s:33.879951|msg_rate_60s:0.609601|protocol_flags:0.000000|rolling_mean_payload_10s:1131.122775|rolling_mean_payload_1s:0.015539|rolling_mean_payload_60s:5260.408707|rolling_std_payload_10s:6297.814391|rolling_std_payload_1s:0.001323|rolling_std_payload_60s:13170.215140|3|0.291667
2024-09-09 06:19:05.321686|frame_length:40.021230|iat:0.005606|mqtt_client_id_hash:0|mqtt_msgtype:0|mqtt_payload_len:0.010805|mqtt_qos:0|mqtt_retain:0|msg_rate_10s:3.584437|msg_rate_1s:34.876648|msg_rate_60s:0.626223|protocol_flags:0.000000|rolling_mean_payload_10s:1099.703117|rolling_mean_payload_1s:0.015539|rolling_mean_payload_60s:5128.899602|rolling_std_payload_10s:6212.265115|rolling_std_payload_1s:0.001323|rolling_std_payload_60s:13028.429812|3|0.288333
2024-09-09 06:19:05.336200|frame_length:40.021230|iat:0.017812|mqtt_client_id_hash:0|mqtt_msgtype:0|mqtt_payload_len:0.010805|mqtt_qos:0|mqtt_retain:0|msg_rate_10s:3.684203|msg_rate_1s:35.873344|msg_rate_60s:0.642844|protocol_flags:0.000000|rolling_mean_payload_10s:1069.981818|rolling_mean_payload_1s:0.015539|rolling_mean_payload_60s:5003.805575|rolling_std_payload_10s:6130.106269|rolling_std_payload_1s:0.001323|rolling_std_payload_60s:12890.966182|3|0.288333
2024-09-09 06:19:05.350746|frame_length:40.021230|iat:0.017844|mqtt_client_id_hash:0|mqtt_msgtype:0|mqtt_payload_len:0.010805|mqtt_qos:0|mqtt_retain:0|msg_rate_10s:3.783969|msg_rate_1s:36.870041|msg_rate_60s:0.659465|protocol_flags:0.000000|rolling_mean_payload_10s:1041.824799|rolling_mean_payload_1s:0.015539|rolling_mean_payload_60s:4884.668407|rolling_std_payload_10s:6051.119913|rolling_std_payload_1s:0.001323|rolling_std_payload_60s:12757.620393|3|0.288333
2024-09-09 06:19:05.365632|frame_length:40.021230|iat:0.018186|mqtt_client_id_hash:0|mqtt_msgtype:0|mqtt_payload_len:0.010805|mqtt_qos:0|mqtt_retain:0|msg_rate_10s:3.883735|msg_rate_1s:37.866737|msg_rate_60s:0.676086|protocol_flags:0.000000|rolling_mean_payload_10s:1015.111729|rolling_mean_payload_1s:0.015539|rolling_mean_payload_60s:4771.072502|rolling_std_payload_10s:5975.107204|rolling_std_payload_1s:0.001323|rolling_std_payload_60s:12628.200674|3|0.288333
2024-09-09 06:19:05.381382|frame_length:40.021230|iat:0.019054|mqtt_client_id_hash:0|mqtt_msgtype:0|mqtt_payload_len:0.010805|mqtt_qos:0|mqtt_retain:0|msg_rate_10s:3.983501|msg_rate_1s:38.863433|msg_rate_60s:0.692708|protocol_flags:0.000000|rolling_mean_payload_10s:989.734313|rolling_mean_payload_1s:0.015539|rolling_mean_payload_60s:4662.640048|rolling_std_payload_10s:5901.886306|rolling_std_payload_1s:0.001323|rolling_std_payload_60s:12502.526587|3|0.288333
2024-09-09 06:19:05.395470|frame_length:40.021230|iat:0.017383|mqtt_client_id_hash:0|mqtt_msgtype:0|mqtt_payload_len:0.010805|mqtt_qos:0|mqtt_retain:0|msg_rate_10s:4.083266|msg_rate_1s:39.860130|msg_rate_60s:0.709329|protocol_flags:0.000000|rolling_mean_payload_10s:965.594819|rolling_mean_payload_1s:0.015539|rolling_mean_payload_60s:4559.026814|rolling_std_payload_10s:5831.290561|rolling_std_payload_1s:0.001323|rolling_std_payload_60s:12380.428297|3|0.288333
2024-09-09 06:19:05.410506|frame_length:40.021230|iat:0.018337|mqtt_client_id_hash:0|mqtt_msgtype:0|mqtt_payload_len:0.010805|mqtt_qos:0|mqtt_retain:0|msg_rate_10s:4.183032|msg_rate_1s:40.856826|msg_rate_60s:0.725950|protocol_flags:0.000000|rolling_mean_payload_10s:942.604826|rolling_mean_payload_1s:0.015539|rolling_mean_payload_60s:4459.918503|rolling_std_payload_10s:5763.166902|rolling_std_payload_1s:0.001323|rolling_std_payload_60s:12261.745882|3|0.286667
2024-09-09 06:19:05.425449|frame_length:40.021230|iat:0.018243|mqtt_client_id_hash:0|mqtt_msgtype:0|mqtt_payload_len:0.010805|mqtt_qos:0|mqtt_retain:0|msg_rate_10s:4.282798|msg_rate_1s:41.853523|msg_rate_60s:0.742572|protocol_flags:0.000000|rolling_mean_payload_10s:920.684134|rolling_mean_payload_1s:0.015539|rolling_mean_payload_60s:4365.027567|rolling_std_payload_10s:5697.374460|rolling_std_payload_1s:0.001323|rolling_std_payload_60s:12146.328683|3|0.286667
2024-09-09 06:19:05.440478|frame_length:40.021230|iat:0.018330|mqtt_client_id_hash:0|mqtt_msgtype:0|mqtt_payload_len:0.010805|mqtt_qos:0|mqtt_retain:0|msg_rate_10s:4.382564|msg_rate_1s:42.850219|msg_rate_60s:0.759193|protocol_flags:0.000000|rolling_mean_payload_10s:899.759837|rolling_mean_payload_1s:0.015539|rolling_mean_payload_60s:4274.090420|rolling_std_payload_10s:5633.783347|rolling_std_payload_1s:0.001323|rolling_std_payload_60s:12034.034690|3|0.286667
2024-09-09 06:19:05.455436|frame_length:40.021230|iat:0.018258|mqtt_client_id_hash:0|mqtt_msgtype:0|mqtt_payload_len:0.010805|mqtt_qos:0|mqtt_retain:0|msg_rate_10s:4.482330|msg_rate_1s:43.846916|msg_rate_60s:0.775814|protocol_flags:0.000000|rolling_mean_payload_10s:879.765509|rolling_mean_payload_1s:0.015539|rolling_mean_payload_60s:4186.864993|rolling_std_payload_10s:5572.273576|rolling_std_payload_1s:0.001323|rolling_std_payload_60s:11924.729973|3|0.286667
2024-09-09 06:19:05.458439|frame_length:40.021230|iat:0.006237|mqtt_client_id_hash:0|mqtt_msgtype:0|mqtt_payload_len:0.010805|mqtt_qos:0|mqtt_retain:0|msg_rate_10s:4.582096|msg_rate_1s:44.843612|msg_rate_60s:0.792436|protocol_flags:0.000000|rolling_mean_payload_10s:860.640500|rolling_mean_payload_1s:0.015539|rolling_mean_payload_60s:4103.128583|rolling_std_payload_10s:5512.734114|rolling_std_payload_1s:0.001323|rolling_std_payload_60s:11818.288142|3|0.286667
2024-09-09 06:19:05.470737|frame_length:40.021230|iat:0.015583|mqtt_client_id_hash:0|mqtt_msgtype:0|mqtt_payload_len:0.010805|mqtt_qos:0|mqtt_retain:0|msg_rate_10s:4.681862|msg_rate_1s:45.840308|msg_rate_60s:0.809057|protocol_flags:0.000000|rolling_mean_payload_10s:842.329321|rolling_mean_payload_1s:0.015539|rolling_mean_payload_60s:4022.675954|rolling_std_payload_10s:5455.062041|rolling_std_payload_1s:0.001323|rolling_std_payload_60s:11714.589849|3|0.286667
2024-09-09 06:19:05.487155|frame_length:40.021230|iat:0.019726|mqtt_client_id_hash:0|mqtt_msgtype:0|mqtt_payload_len:0.010805|mqtt_qos:0|mqtt_retain:0|msg_rate_10s:4.781628|msg_rate_1s:46.837005|msg_rate_60s:0.825678|protocol_flags:0.000000|rolling_mean_payload_10s:824.781107|rolling_mean_payload_1s:0.015539|rolling_mean_payload_60s:3945.317657|rolling_std_payload_10s:5399.161806|rolling_std_payload_1s:0.001323|rolling_std_payload_60s:11613.522329|3|0.286667
2024-09-09 06:19:05.515768|frame_length:40.021230|iat:0.031989|mqtt_client_id_hash:0|mqtt_msgtype:0|mqtt_payload_len:0.010805|mqtt_qos:0|mqtt_retain:0|msg_rate_10s:4.881394|msg_rate_1s:47.833701|msg_rate_60s:0.842300|protocol_flags:0.000000|rolling_mean_payload_10s:807.949148|rolling_mean_payload_1s:0.015539|rolling_mean_payload_60s:3870.878541|rolling_std_payload_10s:5344.944559|rolling_std_payload_1s:0.001323|rolling_std_payload_60s:11514.978961|3|0.296667
2024-09-09 06:19:05.531208|frame_length:40.021230|iat:0.018743|mqtt_client_id_hash:0|mqtt_msgtype:0|mqtt_payload_len:0.010805|mqtt_qos:0|mqtt_retain:0|msg_rate_10s:4.981160|msg_rate_1s:48.830398|msg_rate_60s:0.858921|protocol_flags:0.000000|rolling_mean_payload_10s:791.790466|rolling_mean_payload_1s:0.015539|rolling_mean_payload_60s:3799.196430|rolling_std_payload_10s:5292.327562|rolling_std_payload_1s:0.001323|rolling_std_payload_60s:11418.858873|3|0.296667
2024-09-09 06:19:05.545420|frame_length:40.021230|iat:0.017508|mqtt_client_id_hash:0|mqtt_msgtype:0|mqtt_payload_len:0.010805|mqtt_qos:0|mqtt_retain:0|msg_rate_10s:5.080926|msg_rate_1s:49.827094|msg_rate_60s:0.875542|protocol_flags:0.000000|rolling_mean_payload_10s:776.265459|rolling_mean_payload_1s:0.015539|rolling_mean_payload_60s:3730.120940|rolling_std_payload_10s:5241.233659|rolling_std_payload_1s:0.001323|rolling_std_payload_60s:11325.066565|3|0.300000
2024-09-09 06:19:05.550021|frame_length:40.021230|iat:0.007844|mqtt_client_id_hash:0|mqtt_msgtype:0|mqtt_payload_len:0.010805|mqtt_qos:0|mqtt_retain:0|msg_rate_10s:5.180692|msg_rate_1s:50.823791|msg_rate_60s:0.892163|protocol_flags:0.000000|rolling_mean_payload_10s:761.337567|rolling_mean_payload_1s:0.015539|rolling_mean_payload_60s:3663.512432|rolling_std_payload_10s:5191.590800|rolling_std_payload_1s:0.001323|rolling_std_payload_60s:11233.511569|3|0.296667
2024-09-09 06:19:05.576226|frame_length:40.021230|iat:0.029567|mqtt_client_id_hash:0|mqtt_msgtype:0|mqtt_payload_len:0.010805|mqtt_qos:0|mqtt_retain:0|msg_rate_10s:5.280458|msg_rate_1s:51.820487|msg_rate_60s:0.908785|protocol_flags:0.000000|rolling_mean_payload_10s:746.972992|rolling_mean_payload_1s:0.015539|rolling_mean_payload_60s:3599.241065|rolling_std_payload_10s:5143.331614|rolling_std_payload_1s:0.001323|rolling_std_payload_60s:11144.108121|3|0.290000
2024-09-09 06:19:05.591265|frame_length:40.021230|iat:0.018339|mqtt_client_id_hash:0|mqtt_msgtype:0|mqtt_payload_len:0.010805|mqtt_qos:0|mqtt_retain:0|msg_rate_10s:5.380224|msg_rate_1s:52.817183|msg_rate_60s:0.925406|protocol_flags:0.000000|rolling_mean_payload_10s:733.140438|rolling_mean_payload_1s:0.015539|rolling_mean_payload_60s:3537.185952|rolling_std_payload_10s:5096.393030|rolling_std_payload_1s:0.001323|rolling_std_payload_60s:11056.774869|3|0.288333
2024-09-09 06:19:05.593248|frame_length:40.021230|iat:0.005211|mqtt_client_id_hash:0|mqtt_msgtype:0|mqtt_payload_len:0.010805|mqtt_qos:0|mqtt_retain:0|msg_rate_10s:5.479990|msg_rate_1s:53.813880|msg_rate_60s:0.942027|protocol_flags:0.000000|rolling_mean_payload_10s:719.810886|rolling_mean_payload_1s:0.015539|rolling_mean_payload_60s:3477.234402|rolling_std_payload_10s:5050.715925|rolling_std_payload_1s:0.001323|rolling_std_payload_60s:10971.434596|3|0.288333
2024-09-09 06:19:05.607306|frame_length:40.021230|iat:0.017353|mqtt_client_id_hash:0|mqtt_msgtype:0|mqtt_payload_len:0.010805|mqtt_qos:0|mqtt_retain:0|msg_rate_10s:5.579756|msg_rate_1s:54.810576|msg_rate_60s:0.958649|protocol_flags:0.000000|rolling_mean_payload_10s:706.957389|rolling_mean_payload_1s:0.015539|rolling_mean_payload_60s:3419.281238|rolling_std_payload_10s:5006.244816|rolling_std_payload_1s:0.001323|rolling_std_payload_60s:10888.013960|3|0.288333
2024-09-09 06:19:05.609573|frame_length:40.021230|iat:0.005497|mqtt_client_id_hash:0|mqtt_msgtype:0|mqtt_payload_len:0.010805|mqtt_qos:0|mqtt_retain:0|msg_rate_10s:5.679522|msg_rate_1s:55.807273|msg_rate_60s:0.975270|protocol_flags:0.000000|rolling_mean_payload_10s:694.554893|rolling_mean_payload_1s:0.015539|rolling_mean_payload_60s:3363.228176|rolling_std_payload_10s:4962.927576|rolling_std_payload_1s:0.001323|rolling_std_payload_60s:10806.443258|3|0.288333
2024-09-09 06:19:05.611426|frame_length:40.021230|iat:0.005081|mqtt_client_id_hash:0|mqtt_msgtype:0|mqtt_payload_len:0.010805|mqtt_qos:0|mqtt_retain:0|msg_rate_10s:5.779288|msg_rate_1s:56.803969|msg_rate_60s:0.991891|protocol_flags:0.000000|rolling_mean_payload_10s:682.580068|rolling_mean_payload_1s:0.015539|rolling_mean_payload_60s:3308.983279|rolling_std_payload_10s:4920.715176|rolling_std_payload_1s:0.001323|rolling_std_payload_60s:10726.656202|3|0.288333
2024-09-09 06:19:05.637474|frame_length:40.021230|iat:0.029409|mqtt_client_id_hash:0|mqtt_msgtype:0|mqtt_payload_len:0.010805|mqtt_qos:0|mqtt_retain:0|msg_rate_10s:5.879054|msg_rate_1s:57.800666|msg_rate_60s:1.008513|protocol_flags:0.000000|rolling_mean_payload_10s:671.011170|rolling_mean_payload_1s:0.015539|rolling_mean_payload_60s:3256.460441|rolling_std_payload_10s:4879.561455|rolling_std_payload_1s:0.001323|rolling_std_payload_60s:10648.589716|3|0.288333
2024-09-09 06:19:05.651901|frame_length:40.021230|iat:0.017724|mqtt_client_id_hash:0|mqtt_msgtype:0|mqtt_payload_len:0.010805|mqtt_qos:0|mqtt_retain:0|msg_rate_10s:5.978820|msg_rate_1s:58.797362|msg_rate_60s:1.025134|protocol_flags:0.000000|rolling_mean_payload_10s:659.827902|rolling_mean_payload_1s:0.015539|rolling_mean_payload_60s:3205.578942|rolling_std_payload_10s:4839.422906|rolling_std_payload_1s:0.001323|rolling_std_payload_60s:10572.183743|3|0.288333
2024-09-09 06:19:05.668000|frame_length:40.021230|iat:0.019405|mqtt_client_id_hash:0|mqtt_msgtype:0|mqtt_payload_len:0.010805|mqtt_qos:0|mqtt_retain:0|msg_rate_10s:6.078586|msg_rate_1s:59.794058|msg_rate_60s:1.041755|protocol_flags:0.000000|rolling_mean_payload_10s:649.011298|rolling_mean_payload_1s:0.015539|rolling_mean_payload_60s:3156.263028|rolling_std_payload_10s:4800.258483|rolling_std_payload_1s:0.001323|rolling_std_payload_60s:10497.381065|3|0.288333
2024-09-09 06:19:05.682892|frame_length:40.021230|iat:0.018192|mqtt_client_id_hash:0|mqtt_msgtype:0|mqtt_payload_len:0.010805|mqtt_qos:0|mqtt_retain:0|msg_rate_10s:6.178352|msg_rate_1s:60.790755|msg_rate_60s:1.058377|protocol_flags:0.000000|rolling_mean_payload_10s:638.543617|rolling_mean_payload_1s:0.015539|rolling_mean_payload_60s:3108.441535|rolling_std_payload_10s:4762.029427|rolling_std_payload_1s:0.001323|rolling_std_payload_60s:10424.127138|3|0.288333
2024-09-09 06:19:05.697447|frame_length:40.021230|iat:0.017853|mqtt_client_id_hash:0|mqtt_msgtype:0|mqtt_payload_len:0.010805|mqtt_qos:0|mqtt_retain:0|msg_rate_10s:6.278118|msg_rate_1s:61.787451|msg_rate_60s:1.074998|protocol_flags:0.000000|rolling_mean_payload_10s:628.408244|rolling_mean_payload_1s:0.015539|rolling_mean_payload_60s:3062.047550|rolling_std_payload_10s:4724.699102|rolling_std_payload_1s:0.001323|rolling_std_payload_60s:10352.369938|3|0.288333
2024-09-09 06:19:05.713017|frame_length:40.021230|iat:0.018873|mqtt_client_id_hash:0|mqtt_msgtype:0|mqtt_payload_len:0.010805|mqtt_qos:0|mqtt_retain:0|msg_rate_10s:6.377884|msg_rate_1s:62.784148|msg_rate_60s:1.091619|protocol_flags:0.000000|rolling_mean_payload_10s:618.589601|rolling_mean_payload_1s:0.015539|rolling_mean_payload_60s:3017.018093|rolling_std_payload_10s:4688.232850|rolling_std_payload_1s:0.001323|rolling_std_payload_60s:10282.059816|3|0.288333
2024-09-09 06:19:05.728317|frame_length:40.021230|iat:0.018602|mqtt_client_id_hash:0|mqtt_msgtype:0|mqtt_payload_len:0.010805|mqtt_qos:0|mqtt_retain:0|msg_rate_10s:6.477650|msg_rate_1s:63.780844|msg_rate_60s:1.108240|protocol_flags:0.000000|rolling_mean_payload_10s:609.073070|rolling_mean_payload_1s:0.015539|rolling_mean_payload_60s:2973.293838|rolling_std_payload_10s:4652.597855|rolling_std_payload_1s:0.001323|rolling_std_payload_60s:10213.149361|3|0.288333
2024-09-09 06:19:05.743261|frame_length:40.021230|iat:0.018244|mqtt_client_id_hash:0|mqtt_msgtype:0|mqtt_payload_len:0.010805|mqtt_qos:0|mqtt_retain:0|msg_rate_10s:6.577416|msg_rate_1s:64.777541|msg_rate_60s:1.124862|protocol_flags:0.000000|rolling_mean_payload_10s:599.844918|rolling_mean_payload_1s:0.015539|rolling_mean_payload_60s:2930.818848|rolling_std_payload_10s:4617.763018|rolling_std_payload_1s:0.001323|rolling_std_payload_60s:10145.593278|3|0.288333
2024-09-09 06:19:05.758921|frame_length:40.021230|iat:0.018964|mqtt_client_id_hash:0|mqtt_msgtype:0|mqtt_payload_len:0.010805|mqtt_qos:0|mqtt_retain:0|msg_rate_10s:6.677182|msg_rate_1s:65.774237|msg_rate_60s:1.141483|protocol_flags:0.000000|rolling_mean_payload_10s:590.892234|rolling_mean_payload_1s:0.015539|rolling_mean_payload_60s:2889.540336|rolling_std_payload_10s:4583.698846|rolling_std_payload_1s:0.001323|rolling_std_payload_60s:10079.348269|3|0.288333
2024-09-09 06:19:05.773947|frame_length:40.021230|iat:0.018327|mqtt_client_id_hash:0|mqtt_msgtype:0|mqtt_payload_len:0.010805|mqtt_qos:0|mqtt_retain:0|msg_rate_10s:6.776947|msg_rate_1s:66.770933|msg_rate_60s:1.158104|protocol_flags:0.000000|rolling_mean_payload_10s:582.202864|rolling_mean_payload_1s:0.015539|rolling_mean_payload_60s:2849.408450|rolling_std_payload_10s:4550.377345|rolling_std_payload_1s:0.001323|rolling_std_payload_60s:10014.372922|3|0.288333
2024-09-09 06:19:05.790003|frame_length:40.021230|iat:0.019362|mqtt_client_id_hash:0|mqtt_msgtype:0|mqtt_payload_len:0.010805|mqtt_qos:0|mqtt_retain:0|msg_rate_10s:6.876713|msg_rate_1s:67.767630|msg_rate_60s:1.174726|protocol_flags:0.000000|rolling_mean_payload_10s:573.765360|rolling_mean_payload_1s:0.015539|rolling_mean_payload_60s:2810.376067|rolling_std_payload_10s:4517.771922|rolling_std_payload_1s:0.001323|rolling_std_payload_60s:9950.627610|3|0.288333
2024-09-09 06:19:05.804527|frame_length:40.021230|iat:0.017822|mqtt_client_id_hash:0|mqtt_msgtype:0|mqtt_payload_len:0.010805|mqtt_qos:0|mqtt_retain:0|msg_rate_10s:6.976479|msg_rate_1s:68.764326|msg_rate_60s:1.191347|protocol_flags:0.000000|rolling_mean_payload_10s:565.568927|rolling_mean_payload_1s:0.015539|rolling_mean_payload_60s:2772.398613|rolling_std_payload_10s:4485.857301|rolling_std_payload_1s:0.001323|rolling_std_payload_60s:9888.074394|3|0.288333
2024-09-09 06:19:05.807150|frame_length:40.021230|iat:0.005855|mqtt_client_id_hash:0|mqtt_msgtype:0|mqtt_payload_len:0.010805|mqtt_qos:0|mqtt_retain:0|msg_rate_10s:7.076245|msg_rate_1s:69.761023|msg_rate_60s:1.207968|protocol_flags:0.000000|rolling_mean_payload_10s:557.603380|rolling_mean_payload_1s:0.015539|rolling_mean_payload_60s:2735.433892|rolling_std_payload_10s:4454.609433|rolling_std_payload_1s:0.001323|rolling_std_payload_60s:9826.676936|3|0.290000
2024-09-09 06:19:05.809071|frame_length:40.021230|iat:0.005149|mqtt_client_id_hash:0|mqtt_msgtype:0|mqtt_payload_len:0.010805|mqtt_qos:0|mqtt_retain:0|msg_rate_10s:7.176011|msg_rate_1s:70.757719|msg_rate_60s:1.224590|protocol_flags:0.000000|rolling_mean_payload_10s:549.859098|rolling_mean_payload_1s:0.015539|rolling_mean_payload_60s:2699.441926|rolling_std_payload_10s:4424.005430|rolling_std_payload_1s:0.001323|rolling_std_payload_60s:9766.400408|3|0.290000
2024-09-09 06:19:05.811083|frame_length:40.021230|iat:0.005240|mqtt_client_id_hash:0|mqtt_msgtype:0|mqtt_payload_len:0.010805|mqtt_qos:0|mqtt_retain:0|msg_rate_10s:7.275777|msg_rate_1s:71.754416|msg_rate_60s:1.241211|protocol_flags:0.000000|rolling_mean_payload_10s:542.326988|rolling_mean_payload_1s:0.015539|rolling_mean_payload_60s:2664.384817|rolling_std_payload_10s:4394.023484|rolling_std_payload_1s:0.001323|rolling_std_payload_60s:9707.211421|3|0.290000
2024-09-09 06:19:05.834315|frame_length:40.021230|iat:0.026578|mqtt_client_id_hash:0|mqtt_msgtype:0|mqtt_payload_len:0.010805|mqtt_qos:0|mqtt_retain:0|msg_rate_10s:7.375543|msg_rate_1s:71.754416|msg_rate_60s:1.257832|protocol_flags:0.000000|rolling_mean_payload_10s:534.998449|rolling_mean_payload_1s:0.015539|rolling_mean_payload_60s:2630.226608|rolling_std_payload_10s:4364.642809|rolling_std_payload_1s:0.001323|rolling_std_payload_60s:9649.077944|3|0.290000
2024-09-09 06:19:05.836810|frame_length:40.021230|iat:0.005726|mqtt_client_id_hash:0|mqtt_msgtype:0|mqtt_payload_len:0.010805|mqtt_qos:0|mqtt_retain:0|msg_rate_10s:7.475309|msg_rate_1s:72.751112|msg_rate_60s:1.274454|protocol_flags:0.000000|rolling_mean_payload_10s:527.865338|rolling_mean_payload_1s:0.015539|rolling_mean_payload_60s:2596.933164|rolling_std_payload_10s:4335.843579|rolling_std_payload_1s:0.001323|rolling_std_payload_60s:9591.969240|3|0.290000
2024-09-09 06:19:05.864777|frame_length:40.021230|iat:0.031339|mqtt_client_id_hash:0|mqtt_msgtype:0|mqtt_payload_len:0.010805|mqtt_qos:0|mqtt_retain:0|msg_rate_10s:7.575075|msg_rate_1s:71.754416|msg_rate_60s:1.291075|protocol_flags:0.000000|rolling_mean_payload_10s:520.919939|rolling_mean_payload_1s:0.015539|rolling_mean_payload_60s:2564.472056|rolling_std_payload_10s:4307.606871|rolling_std_payload_1s:0.001323|rolling_std_payload_60s:9535.855798|3|0.290000
2024-09-09 06:19:05.866494|frame_length:40.021230|iat:0.004944|mqtt_client_id_hash:0|mqtt_msgtype:0|mqtt_payload_len:0.010805|mqtt_qos:0|mqtt_retain:0|msg_rate_10s:7.674841|msg_rate_1s:72.751112|msg_rate_60s:1.307696|protocol_flags:0.000000|rolling_mean_payload_10s:514.154941|rolling_mean_payload_1s:0.015539|rolling_mean_payload_60s:2532.812456|rolling_std_payload_10s:4279.914610|rolling_std_payload_1s:0.001323|rolling_std_payload_60s:9480.709268|3|0.290000
2024-09-09 06:19:05.872668|frame_length:40.021230|iat:0.009425|mqtt_client_id_hash:0|mqtt_msgtype:0|mqtt_payload_len:0.010805|mqtt_qos:0|mqtt_retain:0|msg_rate_10s:7.774607|msg_rate_1s:73.747808|msg_rate_60s:1.324317|protocol_flags:0.000000|rolling_mean_payload_10s:507.563405|rolling_mean_payload_1s:0.015539|rolling_mean_payload_60s:2501.925042|rolling_std_payload_10s:4252.749528|rolling_std_payload_1s:0.001323|rolling_std_payload_60s:9426.502413|3|0.281667
2024-09-09 06:19:05.896217|frame_length:40.021230|iat:0.026897|mqtt_client_id_hash:0|mqtt_msgtype:0|mqtt_payload_len:0.010805|mqtt_qos:0|mqtt_retain:0|msg_rate_10s:7.874373|msg_rate_1s:72.751112|msg_rate_60s:1.340939|protocol_flags:0.000000|rolling_mean_payload_10s:501.138742|rolling_mean_payload_1s:0.015539|rolling_mean_payload_60s:2471.781903|rolling_std_payload_10s:4226.095111|rolling_std_payload_1s:0.001323|rolling_std_payload_60s:9373.209044|3|0.281667
2024-09-09 06:19:05.898030|frame_length:40.021230|iat:0.005040|mqtt_client_id_hash:0|mqtt_msgtype:0|mqtt_payload_len:0.010805|mqtt_qos:0|mqtt_retain:0|msg_rate_10s:7.974139|msg_rate_1s:73.747808|msg_rate_60s:1.357560|protocol_flags:0.000000|rolling_mean_payload_10s:494.874696|rolling_mean_payload_1s:0.015539|rolling_mean_payload_60s:2442.356458|rolling_std_payload_10s:4199.935561|rolling_std_payload_1s:0.001323|rolling_std_payload_60s:9320.803976|3|0.281667
2024-09-09 06:19:05.910806|frame_length:40.021230|iat:0.016064|mqtt_client_id_hash:0|mqtt_msgtype:0|mqtt_payload_len:0.010805|mqtt_qos:0|mqtt_retain:0|msg_rate_10s:8.073905|msg_rate_1s:73.747808|msg_rate_60s:1.374181|protocol_flags:0.000000|rolling_mean_payload_10s:488.765319|rolling_mean_payload_1s:0.015539|rolling_mean_payload_60s:2413.623376|rolling_std_payload_10s:4174.255756|rolling_std_payload_1s:0.001323|rolling_std_payload_60s:9269.262976|3|0.281667
2024-09-09 06:19:05.912857|frame_length:40.021230|iat:0.005280|mqtt_client_id_hash:0|mqtt_msgtype:0|mqtt_payload_len:0.010805|mqtt_qos:0|mqtt_retain:0|msg_rate_10s:8.173671|msg_rate_1s:74.744505|msg_rate_60s:1.390803|protocol_flags:0.000000|rolling_mean_payload_10s:482.804950|rolling_mean_payload_1s:0.015539|rolling_mean_payload_60s:2385.558506|rolling_std_payload_10s:4149.041212|rolling_std_payload_1s:0.001323|rolling_std_payload_60s:9218.562718|3|0.281667
2024-09-09 06:19:05.914725|frame_length:40.021230|iat:0.005096|mqtt_client_id_hash:0|mqtt_msgtype:0|mqtt_payload_len:0.010805|mqtt_qos:0|mqtt_retain:0|msg_rate_10s:8.273437|msg_rate_1s:75.741201|msg_rate_60s:1.407424|protocol_flags:0.000000|rolling_mean_payload_10s:476.988204|rolling_mean_payload_1s:0.015539|rolling_mean_payload_60s:2358.138805|rolling_std_payload_10s:4124.278050|rolling_std_payload_1s:0.001323|rolling_std_payload_60s:9168.680745|3|0.285000
2024-09-09 06:19:05.916739|frame_length:40.021230|iat:0.005242|mqtt_client_id_hash:0|mqtt_msgtype:0|mqtt_payload_len:0.010805|mqtt_qos:0|mqtt_retain:0|msg_rate_10s:8.373203|msg_rate_1s:76.737898|msg_rate_60s:1.424045|protocol_flags:0.000000|rolling_mean_payload_10s:471.309953|rolling_mean_payload_1s:0.015539|rolling_mean_payload_60s:2331.342279|rolling_std_payload_10s:4099.952965|rolling_std_payload_1s:0.001323|rolling_std_payload_60s:9119.595420|3|0.285000
2024-09-09 06:19:05.940225|frame_length:40.021230|iat:0.026833|mqtt_client_id_hash:0|mqtt_msgtype:0|mqtt_payload_len:0.010805|mqtt_qos:0|mqtt_retain:0|msg_rate_10s:8.472969|msg_rate_1s:75.741201|msg_rate_60s:1.440667|protocol_flags:0.000000|rolling_mean_payload_10s:465.765307|rolling_mean_payload_1s:0.015539|rolling_mean_payload_60s:2305.147922|rolling_std_payload_10s:4076.053193|rolling_std_payload_1s:0.001323|rolling_std_payload_60s:9071.285894|3|0.285000
2024-09-09 06:19:05.955763|frame_length:40.021230|iat:0.018841|mqtt_client_id_hash:0|mqtt_msgtype:0|mqtt_payload_len:0.010805|mqtt_qos:0|mqtt_retain:0|msg_rate_10s:8.572735|msg_rate_1s:75.741201|msg_rate_60s:1.457288|protocol_flags:0.000000|rolling_mean_payload_10s:460.349607|rolling_mean_payload_1s:0.015539|rolling_mean_payload_60s:2279.535662|rolling_std_payload_10s:4052.566485|rolling_std_payload_1s:0.001323|rolling_std_payload_60s:9023.732071|3|0.285000
2024-09-09 06:19:05.971437|frame_length:40.021230|iat:0.018978|mqtt_client_id_hash:0|mqtt_msgtype:0|mqtt_payload_len:0.010805|mqtt_qos:0|mqtt_retain:0|msg_rate_10s:8.672501|msg_rate_1s:75.741201|msg_rate_60s:1.473909|protocol_flags:0.000000|rolling_mean_payload_10s:455.058406|rolling_mean_payload_1s:0.015539|rolling_mean_payload_60s:2254.486308|rolling_std_payload_10s:4029.481081|rolling_std_payload_1s:0.001323|rolling_std_payload_60s:8976.914567|3|0.285000
2024-09-09 06:19:06.001541|frame_length:40.021230|iat:0.033488|mqtt_client_id_hash:0|mqtt_msgtype:0|mqtt_payload_len:0.010805|mqtt_qos:0|mqtt_retain:0|msg_rate_10s:8.772267|msg_rate_1s:75.741201|msg_rate_60s:1.490531|protocol_flags:0.000000|rolling_mean_payload_10s:449.887459|rolling_mean_payload_1s:0.015539|rolling_mean_payload_60s:2229.981506|rolling_std_payload_10s:4006.785683|rolling_std_payload_1s:0.001323|rolling_std_payload_60s:8930.814684|3|0.281667
2024-09-09 06:19:06.017400|frame_length:40.021230|iat:0.019164|mqtt_client_id_hash:0|mqtt_msgtype:0|mqtt_payload_len:0.010805|mqtt_qos:0|mqtt_retain:0|msg_rate_10s:8.872033|msg_rate_1s:75.741201|msg_rate_60s:1.507152|protocol_flags:0.000000|rolling_mean_payload_10s:444.832713|rolling_mean_payload_1s:0.015539|rolling_mean_payload_60s:2206.003689|rolling_std_payload_10s:3984.469434|rolling_std_payload_1s:0.001323|rolling_std_payload_60s:8885.414380|3|0.281667
2024-09-09 06:19:06.019743|frame_length:40.021230|iat:0.005573|mqtt_client_id_hash:0|mqtt_msgtype:0|mqtt_payload_len:0.010805|mqtt_qos:0|mqtt_retain:0|msg_rate_10s:8.971799|msg_rate_1s:76.737898|msg_rate_60s:1.523773|protocol_flags:0.000000|rolling_mean_payload_10s:439.890295|rolling_mean_payload_1s:0.015539|rolling_mean_payload_60s:2182.536038|rolling_std_payload_10s:3962.521895|rolling_std_payload_1s:0.001323|rolling_std_payload_60s:8840.696234|3|0.281667
2024-09-09 06:19:06.032627|frame_length:40.021230|iat:0.016173|mqtt_client_id_hash:0|mqtt_msgtype:0|mqtt_payload_len:0.010805|mqtt_qos:0|mqtt_retain:0|msg_rate_10s:9.071565|msg_rate_1s:76.737898|msg_rate_60s:1.540395|protocol_flags:0.000000|rolling_mean_payload_10s:435.056501|rolling_mean_payload_1s:0.015539|rolling_mean_payload_60s:2159.562443|rolling_std_payload_10s:3940.933026|rolling_std_payload_1s:0.001323|rolling_std_payload_60s:8796.643424|3|0.281667
2024-09-09 06:19:06.048364|frame_length:40.021230|iat:0.019041|mqtt_client_id_hash:0|mqtt_msgtype:0|mqtt_payload_len:0.010805|mqtt_qos:0|mqtt_retain:0|msg_rate_10s:9.171331|msg_rate_1s:76.737898|msg_rate_60s:1.557016|protocol_flags:0.000000|rolling_mean_payload_10s:430.327790|rolling_mean_payload_1s:0.015539|rolling_mean_payload_60s:2137.067465|rolling_std_payload_10s:3919.693165|rolling_std_payload_1s:0.001323|rolling_std_payload_60s:8753.239700|3|0.281667
2024-09-09 06:19:06.062784|frame_length:40.021230|iat:0.017717|mqtt_client_id_hash:0|mqtt_msgtype:0|mqtt_payload_len:0.010805|mqtt_qos:0|mqtt_retain:0|msg_rate_10s:9.271097|msg_rate_1s:76.737898|msg_rate_60s:1.573637|protocol_flags:0.000000|rolling_mean_payload_10s:425.700772|rolling_mean_payload_1s:0.015539|rolling_mean_payload_60s:2115.036300|rolling_std_payload_10s:3898.793010|rolling_std_payload_1s:0.001323|rolling_std_payload_60s:8710.469358|3|0.281667
